seller_id,late_count,late_rate,avg_delay,total_orders
54965bbe3e4f07ae045b90b0b8541f52,26,32.098765432098766,-1.69,73
bbad7e518d7af88a0897397ffdca1979,19,22.61904761904762,-6.34,68
beadbee30901a7f61d031b6b686095ad,15,22.058823529411764,-8.95,64
6039e27294dc75811c0d8a39069f52c0,16,21.62162162162162,-6.37,63
a49928bcdf77c55c6d6e05e09a9b4ca5,22,21.153846153846153,-3.81,96
712e6ed8aa4aa1fa65dab41fed5737e4,17,20.0,-9.11,77
2a261b5b644fa05f4f2700eb93544f2c,16,19.51219512195122,-8.4,51
06a2c3af7b3aee5d69171b0e14f0ee87,78,19.402985074626866,-10.55,389
ea566164622c6b439516ab18062c42cd,10,19.230769230769234,-7.09,50
0d85bbda9889ce1f7e63778d24f346eb,11,18.96551724137931,-9.36,51
cac4c8e7b1ca6252d8f20b2fc1a2e4af,15,18.29268292682927,-4.33,74
cd68562d3f44870c08922d380acae552,23,17.829457364341085,-6.85,122
002100f778ceb8431b7a1020ff7ab48f,9,16.666666666666664,-7.4,50
d20b021d3efdf267a402c402a48ea64b,17,16.666666666666664,-5.21,86
2c9e548be18521d1c43cde1c582c6de8,28,16.374269005847953,-6.25,124
88460e8ebdecbfecb5f9601833981930,49,16.333333333333332,-10.29,246
e5a3438891c0bfdb9394643f95273d8e,39,15.789473684210526,-6.01,216
11bfa66332777660bd0640ee84d47006,16,15.686274509803921,-8.11,76
b17b679f4f5ce2e03ce6968c62648246,8,15.686274509803921,-10.77,50
8160255418d5aaa7dbdc9f4c64ebda44,64,15.09433962264151,-6.83,380
05f51e13da97139648b8125c31e5f51b,9,15.0,-9.17,57
1ca7077d890b907f89be8c954a02686a,19,14.960629921259844,-6.16,108
6973a06f484aacf400ece213dbf3d946,16,14.814814814814813,-6.75,89
b561927807645834b59ef0d16ba55a24,14,14.736842105263156,-8.06,85
e62b2d6ac10570a035a30bafcf01d263,10,14.084507042253522,-8.48,62
900ba814c251a692506d7834c1218441,12,13.953488372093023,-7.88,86
431af27f296bc6519d890aa5a05fdb11,17,13.709677419354838,-6.83,116
891071be6ba827b591264c90c2ae8a63,12,13.333333333333334,-10.86,85
f7ba60f8c3f99e7ee4042fdef03b70c4,30,13.100436681222707,-8.45,218
440dd6ab244315c632130ecfb63827b1,12,13.043478260869565,-10.68,91
adbc26658d6c7b4b6219f9d934598091,12,13.043478260869565,-7.63,88
8b28d096634035667e8263d57ba3368c,19,12.582781456953644,-9.59,139
855668e0971d4dfd7bef1b6a4133b41b,39,12.540192926045016,-8.33,300
7e1fb0a3ebfb01ffb3a7dae98bf3238d,21,12.42603550295858,-10.12,155
8f2ce03f928b567e3d56181ae20ae952,21,12.209302325581394,-8.99,151
643214e62b870443ccbe55ab29a4dccf,8,12.121212121212121,-10.01,65
fffd5413c0700ac820c7069d66d98c89,7,12.068965517241379,-10.63,57
048c2757535328e0d7dac690ad3c0aae,6,12.0,-9.29,50
1eade46fba20122dc4aefb379f8c636b,9,12.0,-6.89,58
75d34ebb1bd0bd7dde40dd507b8169c3,8,11.940298507462686,-16.22,57
ba143b05f0110f0dc71ad71b4466ce92,10,11.904761904761903,-7.77,83
b33e7c55446eabf8fe1a42d037ac7d6d,18,11.842105263157894,-10.6,149
7aa4334be125fcdd2ba64b3180029f14,28,11.814345991561181,-8.85,214
a6fe7de3d16f6149ffe280349a8535a0,6,11.76470588235294,-8.78,50
0b35c634521043bf4b47e21547b99ab5,9,11.688311688311687,-14.15,50
34056b8b55c1775a22af2331670a799c,9,11.688311688311687,-10.2,77
2e90cb1677d35cfe24eef47d441b7c87,16,11.678832116788321,-10.05,127
2eb70248d66e0e3ef83659f71b244378,23,11.6751269035533,-9.4,187
7ad32824caee82087b3e2e5f33b1bf32,21,11.666666666666666,-9.85,147
b2479f944e1b90cf8a5de1bbfde284d6,15,11.627906976744185,-7.85,101
972d0f9cf61b499a4812cf0bfa3ad3c4,10,11.627906976744185,-9.04,81
c31eff8334d6b3047ed34bebd4d62c36,14,11.570247933884298,-9.51,120
b1fc4f64df5a0e8b6913ab38803c57a9,14,11.570247933884298,-9.04,107
318f287a62ab7ac10b703ac37435a231,7,11.475409836065573,-8.81,51
59b22a78efb79a4797979612b885db36,15,11.278195488721805,-9.59,125
dd7ddc04e1b6c2c614352b383efe2d36,16,11.267605633802818,-7.39,121
7d13fca15225358621be4086e1eb0964,64,11.208406304728546,-10.29,558
897060da8b9a21f655304d50fd935913,46,11.138014527845035,-9.0,304
b499c00f28f4b7069ff6550af8c1348a,20,10.989010989010989,-11.46,147
f3da5b2ff499efb8d4a6d371d175d7dd,9,10.975609756097562,-7.49,77
a416b6a846a11724393025641d4edd5e,19,10.795454545454545,-9.91,157
8444e55c1f13cd5c179851e5ca5ebd00,11,10.784313725490197,-20.58,92
056b4ada5bbc2c50cc7842547dda6b51,7,10.76923076923077,-11.72,64
6fd52c528dcb38be2eea044946b811f8,9,10.714285714285714,-10.49,67
a673821011d0cec28146ea42f5ab767f,15,10.638297872340425,-8.72,125
4869f7a5dfa277a7dca6462dcf3b52b2,121,10.54006968641115,-10.45,1124
fd386aa7bed2af3c7035c65506c9b4a3,8,10.526315789473683,-8.94,69
99eaacc9e6046db1c82b163c5f84869f,7,10.44776119402985,-8.14,63
5058e8c1e82653974541e83690655b4a,8,10.38961038961039,-15.68,62
c3867b4666c7d76867627c2f7fb22e21,25,10.37344398340249,-9.22,228
f46490624488d3ff7ce78613913a7711,9,10.344827586206897,-8.45,80
3db66a856d18a9cba7c9241fc5221c50,10,10.309278350515463,-11.2,94
50c9975695009e5e6473912e83a6d1da,7,10.294117647058822,-8.05,50
8e6d7754bc7e0f22c96d255ebda59eba,13,10.077519379844961,-5.62,84
06579cb253ecd5a3a12a9e6eb6bf8f47,7,10.0,-8.38,61
42b729f859728f5079499127a9c2ef37,13,9.923664122137405,-6.55,103
3df020b72d3d44b3af9d110fa3940b65,10,9.900990099009901,-10.18,55
527801b552d0077ffd170872eb49683b,9,9.782608695652174,-10.68,90
4a3ca9315b744ce9f8e9374361493884,189,9.697280656747049,-8.95,1772
23d7c96d4a1160db1c726b248601b25a,5,9.615384615384617,-10.25,50
e9bc59e7b60fc3063eb2290deda4cced,25,9.615384615384617,-13.29,209
4e17c65a516f69d023a2ae78b84f28d6,7,9.45945945945946,-20.09,61
f0b47fbbc6dee9aafe415a6e33051b3f,8,9.411764705882353,-12.01,67
e9d99831abad74458942f21e16f33f92,14,9.395973154362416,-9.04,130
165fc07beebdcb6190fba8a06db2a449,6,9.375,-10.35,50
70a12e78e608ac31179aea7f8422044b,30,9.287925696594428,-9.78,312
f84a00e60c73a49e7e851c9bdca3a5bb,9,9.278350515463918,-10.08,88
a888faf2d1baececa6baf9c3d603ee1f,5,9.25925925925926,-10.07,53
aac29b1b99776be73c3049939652091d,12,9.16030534351145,-11.04,94
fa1c13f2614d7b5c4749cbc52fecda94,53,9.153713298791018,-9.61,578
5343d0649eca2a983820bfe93fc4d17e,10,9.090909090909092,-11.89,70
f84fa566034f5e8e880a07ec624c56af,9,9.0,-7.54,89
8648b1e89e9b349e32d3741b30ec737e,9,9.0,-11.24,93
634964b17796e64304cadf1ad3050fb7,29,8.978328173374612,-9.62,265
4e922959ae960d389249c378d1c939f5,40,8.968609865470851,-12.35,412
cfb1a033743668a192316f3c6d1d2671,16,8.938547486033519,-10.86,143
77530e9772f57a62c906e1c21538ab82,34,8.923884514435695,-10.2,312
1835b56ce799e6a4dc4eddc053f04066,49,8.892921960072595,-10.1,417
23613d49c3ac2bd302259e55c06c050c,7,8.860759493670885,-10.64,69
7c67e1448b00f6e969d365cea6b010ab,120,8.856088560885608,-10.83,973
d13e50eaa47b4cbe9eb81465865d8cfc,6,8.823529411764707,-4.16,66
0dd184061fb0eaa7ca37932c68ab91c5,17,8.808290155440414,-10.52,161
7d76b645482be4a332374e8223836592,16,8.743169398907105,-8.59,172
ececbfcff9804a2d6b40f589df8eef2b,9,8.737864077669903,-11.12,97
8b321bb669392f5163d04c59e235e066,87,8.656716417910449,-9.3,930
b14db04aa7881970e83ffa9426897925,9,8.571428571428571,-9.79,78
fe2032dab1a61af8794248c8196565c9,26,8.524590163934425,-10.39,293
5d0363b33554b373851fc1622e4d5f3c,8,8.51063829787234,-8.23,93
4c2b230173bb36f9b240f2b8ac11786e,29,8.454810495626822,-7.91,258
522620dcb18a6b31cd7bdf73665113a9,15,8.426966292134832,-13.38,172
ea8482cd71df3c1969d7b9473ff13abc,100,8.417508417508419,-9.39,1132
a3e9a2c700480d9bb01fba070ba80a0e,12,8.391608391608392,-9.48,129
76d5af76d0271110f9af36c92573f765,13,8.38709677419355,-11.8,128
620c87c171fb2a6dd6e8bb4dec959fc6,65,8.354755784061698,-13.06,722
ce7d1888639e6fb06b2749cbfdac1ff7,7,8.333333333333332,-12.11,78
218d46b86c1881d022bce9c68a7d4b15,35,8.333333333333332,-11.04,382
1d8dbc4f32378d715c717c1c1fc57bae,8,8.24742268041237,-11.29,91
1336efc61c316ddf92c899eb817f7cae,7,8.235294117647058,-10.51,74
17f51e7198701186712e53a39c564617,5,8.19672131147541,-11.59,56
f27e33c6d29b5138fa9967bcd445b6d5,8,8.16326530612245,-9.98,93
ef506c96320abeedfb894c34db06f478,27,8.132530120481928,-10.52,316
7ddcbb64b5bc1ef36ca8c151f6ec77df,27,8.08383233532934,-9.44,325
9c0e69c7bf2619675bbadf47b43f655a,16,8.0,-7.45,151
8581055ce74af1daba164fdbd55a40de,34,7.981220657276995,-8.52,380
729f06993dac8e860d4f02d7088ca48a,9,7.964601769911504,-10.47,94
37515688008a7a40ac93e3b2e4ab203f,19,7.949790794979079,-7.35,227
058fd0aa2bfdb2274e05e1ae971dabb6,5,7.936507936507936,-11.12,60
cbd996ad3c1b7dc71fd0e5f5df9087e2,15,7.936507936507936,-10.59,160
391fc6631aebcf3004804e51b40bcf1e,48,7.933884297520661,-11.03,521
7681ef142fd2c19048da7430856b5588,6,7.894736842105263,-8.78,58
9646c3513289980f17226a2fc4720dbd,6,7.894736842105263,-12.23,69
16090f2ca825584b5a147ab24aa30c86,32,7.8817733990147785,-8.94,398
715bbd5ba4e6b74cb0d2f29eb45058b0,5,7.8125,-12.85,62
1f50f920176fa81dab994f9023523100,150,7.78816199376947,-10.13,1399
ce248b21cb2adc36282ede306b7660e5,5,7.6923076923076925,-9.83,64
04308b1ee57b6625f47df1d56f00eedf,7,7.608695652173914,-10.88,92
6a8b085f816a1f75f92dbac6eb545f8f,10,7.518796992481203,-9.42,125
54a1852d1b8f10312c55e906355666ee,15,7.425742574257425,-10.19,198
624f4ece8da4aafb77699233d480f8ef,4,7.4074074074074066,-10.28,52
213b25e6f54661939f11710a6fddb871,14,7.368421052631578,-10.33,152
f262cbc1c910c83959f849465454ddd3,15,7.352941176470589,-9.2,189
e59aa562b9f8076dd550fcddf0e73491,6,7.317073170731707,-11.65,69
17e34d8224d27a541263c4c64b11a56b,19,7.307692307692308,-10.15,247
e24fc9fcd865784fb25705606fe3dfe7,4,7.2727272727272725,-12.76,51
e5a38146df062edaf55c38afa99e42dc,9,7.258064516129033,-9.93,120
a420f60ff1aa9acc80d0e42959f2b313,5,7.246376811594203,-12.12,67
ef0ace09169ac090589d85746e3e036f,10,7.194244604316546,-10.98,128
c9c7905cffc4ef9ff9f113554423e671,10,7.194244604316546,-9.37,127
7040e82f899a04d1b434b795a43b4617,16,7.174887892376682,-9.71,208
d673a59aac7a70d8b01e6902bf090a11,6,7.142857142857142,-11.41,79
6860153b69cc696d5dcfe1cdaaafcf62,6,7.142857142857142,-8.88,74
70c27847eca8195c983ed7e798c56743,7,7.142857142857142,-11.18,77
c826c40d7b19f62a09e2d7c5e7295ee2,26,7.123287671232877,-9.17,346
66922902710d126a0e7d26b0e3805106,11,7.096774193548387,-9.55,150
c8b0e2b0a7095e5d8219575d5e7e1181,6,7.0588235294117645,-10.11,84
f214d28e8d8e3ef068748498ccc2f813,4,7.017543859649122,-12.38,52
7142540dd4c91e2237acb7e911c4eba2,23,7.01219512195122,-13.15,316
edb1ef5e36e0c8cd84eb3c9b003e486d,12,6.896551724137931,-12.84,165
4a3ccda38b2129705f3fb522db62ca31,5,6.8493150684931505,-10.39,64
f7ccf836d21b2fb1de37564105216cc1,5,6.8493150684931505,-8.33,69
48436dade18ac8b2bce089ec2a041202,10,6.802721088435375,-9.39,134
3b15288545f8928d3e65a8f949a28291,8,6.779661016949152,-11.12,101
f5a590cf36251cf1162ea35bef76fe84,8,6.779661016949152,-10.35,113
de23c3b98a88888289c6f5cc1209054a,12,6.741573033707865,-9.89,161
1025f0e2d44d7041d6cf58b6550e0bfa,95,6.690140845070422,-10.39,910
bd0389da23d89b726abf911cccc54596,6,6.666666666666667,-11.81,87
dc4a0fc896dc34b0d5bfec8438291c80,16,6.6115702479338845,-10.8,225
f45122a9ab94eb4f3f8953578bc0c560,13,6.598984771573605,-9.67,184
e067ad2c1c0b48758eb1b5228bcf7a68,4,6.557377049180328,-9.88,54
aba1721a889e04decc910aa13b768ef4,6,6.521739130434782,-10.94,83
1900267e848ceeba8fa32d80c1a5f5a8,34,6.5009560229445515,-9.4,406
d6b1ce66b035a475f00c017792ff9769,7,6.481481481481481,-11.94,92
955fee9216a65b617aa5c0531780ce60,95,6.453804347826086,-9.63,1261
8a130737016f838139d31878787a39c9,4,6.451612903225806,-10.0,56
7e3f87d16fb353f408d467e74fbd8014,6,6.451612903225806,-9.77,91
f80edd2c5aaa505cc4b0a3b219abf4b8,8,6.4,-11.44,116
00ee68308b45bc5e2660cd833c3f81cc,11,6.395348837209303,-10.15,135
da8622b14eb17ae2831f4ac5b9dab84a,99,6.395348837209303,-10.53,1311
5b925e1d006e9476d738aa200751b73b,4,6.349206349206349,-10.51,63
ccc4bbb5f32a6ab2b7066a4130f114e3,12,6.349206349206349,-16.18,184
6d66611d7c44cc30ce351abc49a68421,11,6.321839080459771,-10.06,164
3be634553519fb6536a03e1358e9fdc7,6,6.315789473684211,-10.13,80
4371b634e0efc0e22b09b52907d9d469,7,6.306306306306306,-10.08,101
0be8ff43f22e456b4e0371b2245e4d01,11,6.2857142857142865,-11.11,156
b2ba3715d723d245138f291a6fe42594,22,6.2857142857142865,-9.36,324
d1c281d3ae149232351cd8c8cc885f0d,15,6.2761506276150625,-10.85,214
d05ae8f7a5bd1d2a690a44cd079e4e27,5,6.25,-10.52,77
70eea00b476a314817cefde4aad4f89a,7,6.25,-11.54,106
96493fab2fbb13a14d0c0e8772eef5c3,4,6.25,-9.53,63
8e8a7ce9f2f970dc00e2acf6f6e199f6,4,6.25,-10.42,63
e9779976487b77c6d4ac45f75ec7afe9,46,6.233062330623306,-9.11,645
f4aba7c0bca51484c30ab7bdc34bcdd1,7,6.086956521739131,-15.0,108
6d803cb79cc31c41c4c789a75933b3c7,4,6.0606060606060606,-13.4,58
7a241947449cc45dbfda4f9d0798d9d0,4,6.0606060606060606,-14.62,56
834f3294fba9f932f56edc879193f925,4,6.0606060606060606,-8.8,66
1bb2bdb95f4841f1bba2c0d2cd83d3c9,5,6.024096385542169,-12.56,79
25c5c91f63607446a97b143d2d535d31,16,6.015037593984962,-11.27,156
1554a68530182680ad5c8b042c3ab563,16,5.992509363295881,-13.09,246
2e1c9f22be269ef4643f826c9e650a52,10,5.9880239520958085,-9.76,161
4c18691b6037662be2df78a765d98ab5,4,5.970149253731343,-10.75,63
004c9cd9d87a3c30c522c48c4fc07416,10,5.952380952380952,-11.33,156
5656537e588803a555b8eb41f07a944b,11,5.9459459459459465,-11.23,171
8a32e327fe2c1b3511609d81aaf9f042,10,5.9171597633136095,-13.57,126
4b9750c8ad28220fe6702d4ecb7c898f,13,5.88235294117647,-8.68,217
7ea5bfa6c340f58f8e71fc1f0412b0d6,6,5.88235294117647,-9.5,96
951e8cef368f09bb3f3d03c00ca4702c,4,5.797101449275362,-10.12,62
827f8f69dfa529c561901c4f2e0f332f,6,5.769230769230769,-10.35,91
8d956fec2e4337affcb520f56fd8cbfd,13,5.726872246696035,-10.01,210
3c7c4a49ec3c6550809089c6a2ca9370,9,5.69620253164557,-8.68,139
f457c46070d02cadd8a68551231220dd,13,5.6521739130434785,-11.67,195
59fb871bf6f4522a87ba567b42dafecf,7,5.6000000000000005,-14.03,123
2a7dc43cecabf23403078e2188437d1d,3,5.555555555555555,-9.54,52
8e6cc767478edae941d9bd9eb778d77a,6,5.555555555555555,-12.8,100
46dc3b2cc0980fb8ec44634e21d2718e,29,5.544933078393881,-11.48,503
3d871de0142ce09b7081e2b9d1733cb1,62,5.4818744473916885,-12.4,1064
5f2684dab12e59f83bef73ae57724e45,4,5.47945205479452,-10.35,67
4992e76a42cb3aad7a7047e0d3d7e729,4,5.47945205479452,-9.83,56
1127b7f2594683f2510f1c2c834a486b,7,5.46875,-9.97,110
dd2bdf855a9172734fbc3744021ae9b9,6,5.454545454545454,-22.09,105
17a053fcb14bd219540cbde0df490be0,8,5.405405405405405,-9.42,124
01fdefa7697d26ad920e9e0346d4bd1b,7,5.384615384615385,-12.99,128
09f952a5f58d2285b0372551ae8f9b01,3,5.357142857142857,-11.41,50
d650b663c3b5f6fb392b6326366efa9a,3,5.263157894736842,-10.89,57
5dceca129747e92ff8ef7a997dc4f8ca,18,5.247813411078718,-10.61,322
bfd27a966d91cfaafdb25d076585f0da,6,5.217391304347826,-14.83,114
7a67c85e85bb2ce8582c35f2203ad736,60,5.194805194805195,-11.16,1145
1f9ab4708f3056ede07124aad39a2554,4,5.194805194805195,-12.82,76
45d33f715e24d15a6ccf5c17b3a23e3c,3,5.172413793103448,-11.3,56
d9a84e1403de8da0c3aa531d6d108ba6,3,5.172413793103448,-9.24,53
dc317f341ab0e22f39acbd9dbf9b4a1f,3,5.172413793103448,-14.45,55
08633c14ef2db992c11f840f04fad4cd,5,5.154639175257731,-11.13,74
001cca7ae9ae17fb1caed9dfb1094831,12,5.128205128205128,-12.57,195
a17f621c590ea0fab3d5d883e1630ec6,4,5.128205128205128,-9.84,63
cc419e0650a3c5ba77189a1882b7556a,88,5.119255381035486,-12.35,1651
6560211a19b47992c3666cc44a7e94c0,102,5.110220440881764,-11.01,1819
b6d44737c043328708f6749c2dbe50bd,4,5.063291139240507,-13.66,61
c70c1b0d8ca86052f45a432a38b73958,17,5.059523809523809,-8.4,260
fa40cc5b934574b62717c68f3d678b6d,17,5.044510385756676,-10.69,304
f8db351d8c4c4c22c6835c19a46f01b0,36,5.042016806722689,-11.03,659
c003204e1ab016dfa150abc119207b24,10,5.0,-10.89,195
8cbac7e12637ed9cffa18c7875207478,4,4.938271604938271,-13.37,66
8f119a0aee85c0c8fc534629734e94fd,4,4.938271604938271,-10.1,75
a1043bafd471dff536d0c462352beb48,37,4.920212765957447,-11.8,702
d9bd94811c3338dceb4181f3dbc0c73e,3,4.918032786885246,-7.85,54
ceaec5548eefc6e23e6607c5435102e7,10,4.854368932038835,-14.53,198
d2374cbcbb3ca4ab1086534108cc3ab7,30,4.838709677419355,-14.76,514
4830e40640734fc1c52cd21127c341d4,10,4.716981132075472,-10.46,204
850f4f8af5ea87287ac68de36e29107f,9,4.712041884816754,-14.09,186
53e4c6e0f4312d4d2107a8c9cddf45cd,24,4.6875,-12.72,463
18a349e75d307f4b4cc646a691ed4216,6,4.6875,-14.1,109
7e93a43ef30c4f03f38b393420bc753a,15,4.658385093167702,-11.49,319
670c26e0f1bf8d0576271d5cfaec6d2b,4,4.651162790697675,-13.01,77
44073f8b7e41514de3b7815dd0237f4f,7,4.635761589403973,-15.13,142
01cf7e3d21494c41fb86034f2e714fa1,3,4.615384615384616,-14.51,59
0c8380b62e38e8a1e6adbeba7eb9688c,10,4.587155963302752,-11.81,180
05d2173d43ea568aa0540eba70d2ca76,3,4.545454545454546,-10.89,62
2138ccb85b11a4ec1e37afbd1c8eda1f,19,4.534606205250596,-12.04,388
cca3071e3e9bb7d12640c9fbe2301306,37,4.528763769889841,-14.62,699
7d456afc660226829370f3173d14520c,4,4.49438202247191,-11.93,55
41b39e28db005d9731d9d485a83b4c38,10,4.484304932735426,-17.75,187
0adac9fbd9a2b63cccaac4f8756c1ca8,6,4.477611940298507,-10.6,106
0241d4d5d36f10f80c644447315af0bd,11,4.471544715447155,-12.31,238
92eb0f42c21942b6552362b9b114707d,16,4.4692737430167595,-9.73,334
5a8e7d5003a1f221f9e1d6e411de7c23,8,4.4692737430167595,-11.78,137
1b4c3a6f53068f0b6944d2d005c9fc89,5,4.3478260869565215,-12.15,111
128639473a139ac0f3e5f5ade55873a5,24,4.332129963898916,-11.55,527
d50d79cb34e38265a8649c383dcffd48,3,4.285714285714286,-12.65,70
79ebd9a61bac3eaf882805ed4ecfa12a,6,4.285714285714286,-11.69,133
dee656f0f566ed1aa85bd137c943f08f,4,4.25531914893617,-13.46,92
dbb9b48c841a0e39e21f98e1a6b2ec3e,5,4.23728813559322,-11.16,108
a3a38f4affed601eb87a97788c949667,11,4.230769230769231,-14.01,251
2528513dd95219a6013d4d05176e391a,7,4.216867469879518,-11.59,160
7299e27ed73d2ad986de7f7c77d919fa,15,4.189944134078212,-11.95,335
6edacfd9f9074789dad6d62ba7950b9c,9,4.166666666666666,-10.98,205
0509040ea3fe50071181bbc359eb7738,4,4.166666666666666,-10.06,87
066a6914e1ebf3ea95a216c73a986b91,3,4.166666666666666,-16.15,66
7b07b3c7487f0ea825fc6df75abd658b,4,4.166666666666666,-10.35,91
81a1104df0f08b59c68aa5b03cfe398e,3,4.166666666666666,-13.04,72
db4350fd57ae30082dec7acbaacc17f9,6,4.137931034482759,-14.87,136
87142160b41353c4e5fca2360caf6f92,14,4.129793510324483,-14.29,305
0c7533c71df861ec58ad7ff999ed0e8d,3,4.10958904109589,-9.07,61
1c129092bf23f28a5930387c980c0dfc,9,4.10958904109589,-9.56,200
813348c996469b40f2e028d5429d3495,8,4.102564102564102,-10.21,172
e333046ce6517bd8bb510291d44f0130,3,4.054054054054054,-12.87,68
9d4db00d65d7760644ac0c14edb5fd86,4,4.040404040404041,-11.0,97
dbd66278cbfe1aa1000f90a217ca4695,4,4.040404040404041,-11.85,85
688756f717c462a206ad854c5027a64a,4,4.040404040404041,-6.98,81
1da3aeb70d7989d1e6d9b0e887f97c23,13,4.012345679012346,-10.98,261
25cf099de44674fde97473224f9d59ab,2,4.0,-12.23,50
94144541854e298c2d976cb893b81343,3,3.9473684210526314,-14.39,68
7008613ea464bad5cb9b83456e1e6a8f,6,3.9473684210526314,-13.49,123
080102cd0a76b09e0dcf55fcacc60e05,5,3.90625,-11.13,122
c33847515fa6305ce6feb1e818569f13,5,3.90625,-14.73,114
f7720c4fa8e3aba4546301ab80ea1f1b,3,3.896103896103896,-14.02,59
4d6d651bd7684af3fffabd5f08d12e5a,15,3.8560411311053984,-12.32,363
aafe36600ce604f205b86b5084d3d767,5,3.816793893129771,-12.46,129
d91fb3b7d041e83b64a00a3edfb37e4f,20,3.8095238095238098,-12.0,524
669ae81880e08f269a64487cfb287169,7,3.783783783783784,-13.64,161
7202e2ba20579a9bd1acb29e61fe71f6,2,3.7735849056603774,-11.44,51
9f505651f4a6abe901a56cdc21508025,16,3.755868544600939,-10.33,393
00fc707aaaad2d31347cf883cd2dfe10,5,3.7037037037037033,-14.83,103
9de4643a8dbde634fe55621059d92273,3,3.7037037037037033,-10.92,72
640e21a7d01df7614a3b4923e990d40c,5,3.6764705882352944,-9.58,115
282f23a9769b2690c5dda22e316f9941,4,3.669724770642202,-11.39,98
710e3548e02bc1d2831dfc4f1b5b14d4,5,3.64963503649635,-21.31,131
0db783cfcd3b73998abc6e10e59a102f,5,3.64963503649635,-12.42,132
2dee2ce60de9709b1a24083217181a1f,2,3.6363636363636362,-16.38,54
eeb6de78f79159600292e314a77cbd18,3,3.614457831325301,-16.23,82
701938c450705b8ae65fc923b70f35c7,4,3.6036036036036037,-11.05,74
a7f13822ceb966b076af67121f87b063,3,3.571428571428571,-16.17,73
750303a20e9c56b2a6bc45cdce0b897d,2,3.571428571428571,-11.76,53
ebd2d60905fb58271facef5596b620d3,3,3.5294117647058822,-10.58,82
e8b3a3a38279a82f0e5d006d5e5b7d2c,3,3.5294117647058822,-18.05,80
1a3df491d1c4f1589fc2b934ada68bf2,6,3.508771929824561,-12.31,160
1c68394e931a64f90ea236c5ea590300,6,3.508771929824561,-14.71,142
537eb890efff034a88679788b647c564,6,3.508771929824561,-11.74,158
376a891762bbdecbc02b4b6adec3fdda,2,3.4482758620689653,-14.56,57
c864036feaab8c1659f65ea4faebe1da,2,3.4482758620689653,-12.65,58
30a2f535bb48308f991d0b9ad4a8c4bb,3,3.4482758620689653,-12.2,71
3bdff180c7e1f6551a643b99c265a120,2,3.4482758620689653,-11.71,56
4e7c18b98d84e05cbae3ff0ff03846c2,3,3.4090909090909087,-12.49,81
062ce95fa2ad4dfaedfc79260130565f,2,3.389830508474576,-12.88,54
c6bda72e4dbf5c5866b13cb1810c6d03,2,3.389830508474576,-11.56,59
6b243f80ed07b10f0e8aa0f21a205f3c,3,3.3707865168539324,-13.72,79
0b90b6df587eb83608a64ea8b390cf07,7,3.349282296650718,-17.62,163
05ff92fedb5be47920fea08e501238b9,2,3.3333333333333335,-17.19,57
3078096983cf766a32a06257648502d1,2,3.278688524590164,-11.65,56
7178f9f4dd81dcef02f62acdf8151e01,7,3.255813953488372,-17.94,202
36a968b544695394e4e9d7572688598f,5,3.205128205128205,-11.69,148
2ff97219cb8622eaf3cd89b7d9c09824,3,3.1914893617021276,-8.65,87
de722cd6dad950a92b7d4f82673f8833,12,3.183023872679045,-15.42,337
9b013e03b2ab786505a1d3b5c0756754,7,3.1818181818181817,-9.41,170
febab0275244b9a49a623f0bd613ca2f,4,3.1746031746031744,-11.07,106
95e03ca3d4146e4011985981aeb959b9,6,3.1578947368421053,-14.49,172
cce6ab8d1682639fe45ab70234f1665f,2,3.125,-13.11,61
ff063b022a9a0aab91bad2c9088760b7,3,3.125,-11.32,94
1838dd9b8977065acf51d95e0053ea7a,2,3.076923076923077,-10.37,62
95f83f51203c626648c875dd41874c7f,2,3.076923076923077,-13.55,50
80e6699fe29150b372a0c8a1ebf7dcc8,3,3.061224489795918,-15.55,96
562fc2f2c2863ab7e79a9e4388a58a14,8,3.018867924528302,-12.5,255
53243585a1d6dc2643021fd1853d8905,12,3.0,-10.88,348
b76dba6c951ab00dc4edf0a1aa88037e,5,2.9940119760479043,-16.15,157
966cb4760537b1404caedd472cc610a5,2,2.9850746268656714,-14.8,67
aced59e9b31ef866a94f9e7f29d8d418,2,2.9850746268656714,-10.63,61
76d64c4aca3a7baf218bf93ef7fa768d,2,2.898550724637681,-14.78,64
1e8b33f18b4f7598d87f5cbee2282cc2,4,2.877697841726619,-10.26,122
fcb5ace8bcc92f75707dc0f01a27d269,2,2.857142857142857,-8.51,59
b92e3c8f9738272ff7c59e111e108d7c,2,2.857142857142857,-42.21,62
7722b1df1b0e383e000397b2c11e3e19,4,2.7777777777777777,-11.54,133
d94a40fd42351c259927028d163af842,3,2.7522935779816518,-13.48,100
116ccb1a1604bc88e4d234a8c23f33de,2,2.73972602739726,-10.07,61
aaed1309374718fdd995ee4c58c9dfcd,3,2.7027027027027026,-16.62,104
98dac6635aee4995d501a3972e047414,5,2.631578947368421,-11.01,89
25e6ffe976bd75618accfe16cefcbd0d,3,2.608695652173913,-13.86,106
9e6229250fedbe05838fef417b74e7fb,2,2.5974025974025974,-14.84,73
5f1dc28029d2c244352a68107ec2b542,2,2.564102564102564,-15.26,62
37be5a7c751166fbc5f8ccba4119e043,7,2.5179856115107913,-12.85,269
2a84855fd20af891be03bc5924d2b453,4,2.515723270440252,-11.8,155
709e16e2b25c7474d980076c6bfc4806,2,2.5,-12.56,60
516e7738bd8f735ac19a010ee5450d8d,2,2.4390243902439024,-17.87,74
b4ffb71f0cb1b1c3d63fad021ecf93e1,4,2.4390243902439024,-14.3,143
dbc22125167c298ef99da25668e1011f,10,2.3980815347721824,-13.17,394
0432ead42b6c8a0bdf68154add917fdf,2,2.2988505747126435,-12.77,82
bd23da7354813347129d751591d1a6e2,2,2.2988505747126435,-9.5,86
d98eec89afa3380e14463da2aabaea72,4,2.185792349726776,-17.99,168
85d9eb9ddc5d00ca9336a2219c97bb13,11,2.1484375,-15.03,499
8bb48dc19fccaa8613b6229bf7f452a2,2,2.1052631578947367,-12.79,82
9674754b5a0cb32b638cec001178f799,2,2.1052631578947367,-10.4,84
229c3efbfb0ea2058de4ccdfbc3d784a,3,2.0689655172413794,-11.67,118
ac3508719a1d8f5b7614b798f70af136,2,1.9801980198019802,-17.37,101
cab85505710c7cb9b720bceb52b01cee,4,1.9607843137254901,-15.07,201
5cf13accae3222c70a9cac40818ae839,3,1.935483870967742,-13.77,148
86ccac0b835037332a596a33b6949ee1,4,1.9230769230769231,-14.19,178
8a432f4e5b471f8da497d7dc517666e2,2,1.8867924528301887,-11.73,95
a5cba26a62b8b4d0145b68b841e62e7f,1,1.8518518518518516,-14.08,53
6c177e38df6d3f34182b1f1d427231bf,1,1.8518518518518516,-14.07,53
8c16d1f32a54d92897cc437244442e1b,2,1.694915254237288,-14.2,108
1b8356dabde1d35e17cef975c3f82730,1,1.6666666666666667,-13.62,55
289cdb325fb7e7f891c38608bf9e0962,2,1.6,-9.87,109
6c7d50c24b3ccd2fd83b44d8bb34e073,2,1.5873015873015872,-11.19,112
33a6f4b1e7cdc205511e76ba1b6e0186,2,1.5873015873015872,-12.98,105
609e1a9a6c2539919b8205cf7c4e6ff0,2,1.5384615384615385,-16.48,87
cb8bcce248bb1fb274ba762d8b971456,1,1.4925373134328357,-11.31,66
751bdc4d83a466c7206cd42e8f426b03,1,1.4705882352941175,-11.09,51
91f848e9f4be368f4318775aac733370,1,1.4285714285714286,-10.85,60
582d4f8675b945722eda7c0cb61ba4c7,1,1.4084507042253522,-13.34,59
e26901d5ab434ce92fd9b5c256820a4e,3,1.3953488372093024,-12.94,197
520b493b57809f446cb0a233bb3e25c7,1,1.36986301369863,-11.37,63
ce27a3cc3c8cc1ea79d11e561e9bebb6,2,1.3245033112582782,-12.75,122
c3cfdc648177fdbbbb35635a37472c53,4,1.3029315960912053,-15.63,278
d921b68bf747894be13a97ae52b0f386,1,1.2987012987012987,-15.35,77
9d5a9018aee56acb367ba9c3f05d1d6a,1,1.282051282051282,-13.5,66
6cd68b3ed6d59aaa9fece558ad360c0a,2,1.2738853503184715,-13.64,149
259f7b5e6e482c230e5bfaa670b6bb8f,2,1.2345679012345678,-13.05,136
744dac408745240a2c2528fb1b6028f3,1,1.2048192771084338,-16.14,78
080199a181c46c657dc5aa235411be3b,1,1.2048192771084338,-8.93,79
dfa0c4c6229ab200a4a1336b4d7128ff,1,1.1627906976744187,-14.76,77
0df3984f9dfb3d49ac6366acbd3bbb85,1,1.1363636363636365,-14.13,86
48162d548f5b1b11b9d29d1e01f75a61,1,1.1235955056179776,-12.19,66
725c32fa80c2faacc4fc88450d27314e,1,1.0752688172043012,-11.54,89
d12c926d74ceff0a90a21184466ce161,1,1.0309278350515463,-13.64,76
5c243662ce92d84573bfaff24c3e3700,1,1.0,-13.1,98
530ec6109d11eaaf87999465c6afee01,1,0.9900990099009901,-16.49,94
822166ed1e47908f7cfb49946d03c726,1,0.9259259259259258,-11.99,69
612170e34b97004b3ba37eae81836b4c,1,0.9090909090909091,-17.68,107
17ca9b9e9b9ef8fdb529001b49ebb50f,1,0.78125,-13.36,115
0ea22c1cfbdc755f86b9b54b39c16043,2,0.7547169811320755,-16.1,234
12b9676b00f60f3b700e83af21824c0e,1,0.7518796992481203,-20.57,133
ca3bd7cd9f149df75950150d010fe4a2,1,0.7407407407407408,-16.2,68
0bae85eb84b9fb3bd773911e89288d54,1,0.6896551724137931,-14.55,136
2b3e4a2a3ea8e01938cabda2a3e5cc79,0,0.0,-11.26,52
9616352088dcf83a7c06637f4ebf1c80,0,0.0,-14.65,91
b1a81260566c1bac3114a6d124413f27,0,0.0,-16.08,51
06e5eefc71ec47ae763c5c6f8db7064f,0,0.0,-16.16,90
b372ee768ed69e46ca8cdbd267aa7a38,0,0.0,-18.64,63
8ae520247981aa06bc94abddf5f46d34,0,0.0,-15.71,65
fc906263ca5083d09dce42fe02247800,0,0.0,-14.13,112
fa1a9dec3a9940c072684a46728bf1fc,0,0.0,-14.33,55
f3b80352b986ab4d1057a4b724be19d0,0,0.0,-12.26,86
cc63f0dd2acba93ffed4fe9f8e0321fa,0,0.0,-11.6,55
d57e18d5f73c7ccb7f7339b61166898d,0,0.0,-10.78,61
57e632711dec9ec14ca7546769483e7e,0,0.0,-16.17,62
e882b2a25a10b9c057cc49695f222c19,0,0.0,-18.3,57
3504c0cb71d7fa48d967e0e4c94d59d9,0,0.0,-10.04,53
d566c37fa119d5e66c4e9052e83ee4ea,0,0.0,-9.76,65
