seller_id,late_count,late_rate,avg_delay,total_orders_x,avg_review_score,review_count,total_orders_y,combined_problem_score
54965bbe3e4f07ae045b90b0b8541f52,26,32.098765432098766,-1.69,73,2.94,81,78,3.6649382716049383
1ca7077d890b907f89be8c954a02686a,19,14.960629921259844,-6.16,108,2.2,136,115,3.548031496062992
a49928bcdf77c55c6d6e05e09a9b4ca5,22,21.153846153846153,-3.81,96,2.95,106,98,3.1076923076923073
bbad7e518d7af88a0897397ffdca1979,19,22.61904761904762,-6.34,68,3.04,84,69,3.090952380952381
2eb70248d66e0e3ef83659f71b244378,23,11.6751269035533,-9.4,187,2.72,208,202,2.8637563451776646
972d0f9cf61b499a4812cf0bfa3ad3c4,10,11.627906976744185,-9.04,81,2.96,84,83,2.6213953488372095
2a261b5b644fa05f4f2700eb93544f2c,16,19.51219512195122,-8.4,51,3.37,82,51,2.605609756097561
712e6ed8aa4aa1fa65dab41fed5737e4,17,20.0,-9.11,77,3.45,86,79,2.55
8e6d7754bc7e0f22c96d255ebda59eba,13,10.077519379844961,-5.62,84,2.98,130,85,2.523875968992248
8444e55c1f13cd5c179851e5ca5ebd00,11,10.784313725490197,-20.58,92,3.07,109,99,2.4692156862745103
5058e8c1e82653974541e83690655b4a,8,10.38961038961039,-15.68,62,3.08,76,63,2.4394805194805196
88460e8ebdecbfecb5f9601833981930,49,16.333333333333332,-10.29,246,3.38,301,248,2.4366666666666665
cac4c8e7b1ca6252d8f20b2fc1a2e4af,15,18.29268292682927,-4.33,74,3.55,82,75,2.3646341463414635
6039e27294dc75811c0d8a39069f52c0,16,21.62162162162162,-6.37,63,3.83,75,64,2.251081081081081
b2479f944e1b90cf8a5de1bbfde284d6,15,11.627906976744185,-7.85,101,3.34,130,103,2.2413953488372096
ea566164622c6b439516ab18062c42cd,10,19.230769230769234,-7.09,50,3.75,52,50,2.2115384615384617
d20b021d3efdf267a402c402a48ea64b,17,16.666666666666664,-5.21,86,3.64,105,90,2.1933333333333334
6973a06f484aacf400ece213dbf3d946,16,14.814814814814813,-6.75,89,3.55,114,95,2.1907407407407407
b17b679f4f5ce2e03ce6968c62648246,8,15.686274509803921,-10.77,50,3.61,57,55,2.174313725490196
897060da8b9a21f655304d50fd935913,46,11.138014527845035,-9.0,304,3.39,426,317,2.1669007263922517
beadbee30901a7f61d031b6b686095ad,15,22.058823529411764,-8.95,64,3.94,68,64,2.1629411764705884
0b35c634521043bf4b47e21547b99ab5,9,11.688311688311687,-14.15,50,3.49,77,51,2.094415584415584
7c67e1448b00f6e969d365cea6b010ab,120,8.856088560885608,-10.83,973,3.35,1356,982,2.09280442804428
f46490624488d3ff7ce78613913a7711,9,10.344827586206897,-8.45,80,3.46,91,83,2.057241379310345
cd68562d3f44870c08922d380acae552,23,17.829457364341085,-6.85,122,3.84,131,125,2.051472868217054
6fd52c528dcb38be2eea044946b811f8,9,10.714285714285714,-10.49,67,3.5,82,67,2.0357142857142856
11bfa66332777660bd0640ee84d47006,16,15.686274509803921,-8.11,76,3.8,102,76,1.9843137254901961
06a2c3af7b3aee5d69171b0e14f0ee87,78,19.402985074626866,-10.55,389,4.0,398,392,1.9701492537313432
891071be6ba827b591264c90c2ae8a63,12,13.333333333333334,-10.86,85,3.7,98,92,1.9666666666666666
e5a3438891c0bfdb9394643f95273d8e,39,15.789473684210526,-6.01,216,3.84,252,224,1.9494736842105265
95f83f51203c626648c875dd41874c7f,2,3.076923076923077,-13.55,50,3.21,67,52,1.9438461538461538
8160255418d5aaa7dbdc9f4c64ebda44,64,15.09433962264151,-6.83,380,3.83,426,385,1.9247169811320755
431af27f296bc6519d890aa5a05fdb11,17,13.709677419354838,-6.83,116,3.77,124,117,1.915483870967742
855668e0971d4dfd7bef1b6a4133b41b,39,12.540192926045016,-8.33,300,3.72,322,312,1.9070096463022506
2c9e548be18521d1c43cde1c582c6de8,28,16.374269005847953,-6.25,124,3.92,171,126,1.8987134502923977
e62b2d6ac10570a035a30bafcf01d263,10,14.084507042253522,-8.48,62,3.83,66,62,1.874225352112676
1835b56ce799e6a4dc4eddc053f04066,49,8.892921960072595,-10.1,417,3.59,552,423,1.85464609800363
002100f778ceb8431b7a1020ff7ab48f,9,16.666666666666664,-7.4,50,3.98,55,51,1.8533333333333333
5343d0649eca2a983820bfe93fc4d17e,10,9.090909090909092,-11.89,70,3.61,109,71,1.8445454545454547
18a349e75d307f4b4cc646a691ed4216,6,4.6875,-14.1,109,3.39,147,121,1.8443749999999999
7040e82f899a04d1b434b795a43b4617,16,7.174887892376682,-9.71,208,3.53,225,212,1.8287443946188344
7ad32824caee82087b3e2e5f33b1bf32,21,11.666666666666666,-9.85,147,3.77,181,151,1.8133333333333332
dd7ddc04e1b6c2c614352b383efe2d36,16,11.267605633802818,-7.39,121,3.76,142,122,1.8033802816901412
440dd6ab244315c632130ecfb63827b1,12,13.043478260869565,-10.68,91,3.85,94,94,1.8021739130434782
b1fc4f64df5a0e8b6913ab38803c57a9,14,11.570247933884298,-9.04,107,3.78,119,107,1.7985123966942151
f84a00e60c73a49e7e851c9bdca3a5bb,9,9.278350515463918,-10.08,88,3.67,99,90,1.793917525773196
23613d49c3ac2bd302259e55c06c050c,7,8.860759493670885,-10.64,69,3.66,79,70,1.783037974683544
710e3548e02bc1d2831dfc4f1b5b14d4,5,3.64963503649635,-21.31,131,3.4,141,136,1.7824817518248175
165fc07beebdcb6190fba8a06db2a449,6,9.375,-10.35,50,3.69,64,50,1.77875
75d34ebb1bd0bd7dde40dd507b8169c3,8,11.940298507462686,-16.22,57,3.82,72,62,1.7770149253731344
8b28d096634035667e8263d57ba3368c,19,12.582781456953644,-9.59,139,3.86,152,143,1.7691390728476823
06579cb253ecd5a3a12a9e6eb6bf8f47,7,10.0,-8.38,61,3.76,72,62,1.7400000000000002
a7f13822ceb966b076af67121f87b063,3,3.571428571428571,-16.17,73,3.44,85,75,1.7385714285714287
0d85bbda9889ce1f7e63778d24f346eb,11,18.96551724137931,-9.36,51,4.21,52,51,1.7382758620689656
fffd5413c0700ac820c7069d66d98c89,7,12.068965517241379,-10.63,57,3.87,60,60,1.7334482758620688
c31eff8334d6b3047ed34bebd4d62c36,14,11.570247933884298,-9.51,120,3.85,122,122,1.7285123966942149
7a241947449cc45dbfda4f9d0798d9d0,4,6.0606060606060606,-14.62,56,3.58,71,62,1.723030303030303
318f287a62ab7ac10b703ac37435a231,7,11.475409836065573,-8.81,51,3.87,62,52,1.7037704918032786
70a12e78e608ac31179aea7f8422044b,30,9.287925696594428,-9.78,312,3.77,326,315,1.6943962848297214
f3da5b2ff499efb8d4a6d371d175d7dd,9,10.975609756097562,-7.49,77,3.87,83,79,1.678780487804878
c3867b4666c7d76867627c2f7fb22e21,25,10.37344398340249,-9.22,228,3.84,257,245,1.6786721991701246
4a3ca9315b744ce9f8e9374361493884,189,9.697280656747049,-8.95,1772,3.81,1962,1806,1.6748640328373523
b14db04aa7881970e83ffa9426897925,9,8.571428571428571,-9.79,78,3.76,102,83,1.6685714285714288
4c2b230173bb36f9b240f2b8ac11786e,29,8.454810495626822,-7.91,258,3.76,342,261,1.6627405247813414
23d7c96d4a1160db1c726b248601b25a,5,9.615384615384617,-10.25,50,3.83,52,53,1.6507692307692308
05f51e13da97139648b8125c31e5f51b,9,15.0,-9.17,57,4.1,63,60,1.6500000000000004
99eaacc9e6046db1c82b163c5f84869f,7,10.44776119402985,-8.14,63,3.9,70,66,1.6223880597014926
4a3ccda38b2129705f3fb522db62ca31,5,6.8493150684931505,-10.39,64,3.73,78,66,1.6124657534246576
a673821011d0cec28146ea42f5ab767f,15,10.638297872340425,-8.72,125,3.92,138,129,1.6119148936170213
adbc26658d6c7b4b6219f9d934598091,12,13.043478260869565,-7.63,88,4.05,92,88,1.6021739130434784
59b22a78efb79a4797979612b885db36,15,11.278195488721805,-9.59,125,3.97,132,125,1.59390977443609
634964b17796e64304cadf1ad3050fb7,29,8.978328173374612,-9.62,265,3.86,325,268,1.5889164086687306
a6fe7de3d16f6149ffe280349a8535a0,6,11.76470588235294,-8.78,50,4.0,51,51,1.588235294117647
34056b8b55c1775a22af2331670a799c,9,11.688311688311687,-10.2,77,4.0,78,78,1.5844155844155843
213b25e6f54661939f11710a6fddb871,14,7.368421052631578,-10.33,152,3.79,191,155,1.5784210526315787
3c7c4a49ec3c6550809089c6a2ca9370,9,5.69620253164557,-8.68,139,3.71,160,141,1.5748101265822785
25c5c91f63607446a97b143d2d535d31,16,6.015037593984962,-11.27,156,3.73,268,158,1.5707518796992481
7d13fca15225358621be4086e1eb0964,64,11.208406304728546,-10.29,558,4.0,574,565,1.5604203152364273
e9d99831abad74458942f21e16f33f92,14,9.395973154362416,-9.04,130,3.91,148,130,1.5597986577181207
dc4a0fc896dc34b0d5bfec8438291c80,16,6.6115702479338845,-10.8,225,3.78,249,231,1.5505785123966944
8f2ce03f928b567e3d56181ae20ae952,21,12.209302325581394,-8.99,151,4.06,174,153,1.5504651162790701
4e922959ae960d389249c378d1c939f5,40,8.968609865470851,-12.35,412,3.9,449,420,1.5484304932735427
3df020b72d3d44b3af9d110fa3940b65,10,9.900990099009901,-10.18,55,3.95,101,55,1.5450495049504949
2e90cb1677d35cfe24eef47d441b7c87,16,11.678832116788321,-10.05,127,4.04,137,127,1.543941605839416
d2374cbcbb3ca4ab1086534108cc3ab7,30,4.838709677419355,-14.76,514,3.7,623,524,1.5419354838709676
e9bc59e7b60fc3063eb2290deda4cced,25,9.615384615384617,-13.29,209,3.94,269,216,1.540769230769231
7aa4334be125fcdd2ba64b3180029f14,28,11.814345991561181,-8.85,214,4.05,238,217,1.5407172995780591
50c9975695009e5e6473912e83a6d1da,7,10.294117647058822,-8.05,50,3.99,67,50,1.524705882352941
d1c281d3ae149232351cd8c8cc885f0d,15,6.2761506276150625,-10.85,214,3.79,238,215,1.523807531380753
d05ae8f7a5bd1d2a690a44cd079e4e27,5,6.25,-10.52,77,3.79,80,78,1.5225
f7ccf836d21b2fb1de37564105216cc1,5,6.8493150684931505,-8.33,69,3.82,72,70,1.5224657534246577
522620dcb18a6b31cd7bdf73665113a9,15,8.426966292134832,-13.38,172,3.9,176,174,1.5213483146067417
36a968b544695394e4e9d7572688598f,5,3.205128205128205,-11.69,148,3.64,162,154,1.52025641025641
8a32e327fe2c1b3511609d81aaf9f042,10,5.9171597633136095,-13.57,126,3.78,178,132,1.5158579881656806
f457c46070d02cadd8a68551231220dd,13,5.6521739130434785,-11.67,195,3.77,232,199,1.5126086956521738
1d8dbc4f32378d715c717c1c1fc57bae,8,8.24742268041237,-11.29,91,3.9,96,92,1.5123711340206185
aac29b1b99776be73c3049939652091d,12,9.16030534351145,-11.04,94,3.95,131,98,1.5080152671755722
900ba814c251a692506d7834c1218441,12,13.953488372093023,-7.88,86,4.19,85,88,1.5076744186046507
7d76b645482be4a332374e8223836592,16,8.743169398907105,-8.59,172,3.93,185,176,1.507158469945355
ef506c96320abeedfb894c34db06f478,27,8.132530120481928,-10.52,316,3.9,336,324,1.5066265060240964
5f2684dab12e59f83bef73ae57724e45,4,5.47945205479452,-10.35,67,3.77,74,68,1.503972602739726
04308b1ee57b6625f47df1d56f00eedf,7,7.608695652173914,-10.88,92,3.88,94,94,1.500434782608696
5656537e588803a555b8eb41f07a944b,11,5.9459459459459465,-11.23,171,3.8,188,174,1.4972972972972975
7ddcbb64b5bc1ef36ca8c151f6ec77df,27,8.08383233532934,-9.44,325,3.91,340,334,1.4941916167664668
7e1fb0a3ebfb01ffb3a7dae98bf3238d,21,12.42603550295858,-10.12,155,4.13,172,159,1.4913017751479292
0dd184061fb0eaa7ca37932c68ab91c5,17,8.808290155440414,-10.52,161,3.95,192,161,1.4904145077720206
cfb1a033743668a192316f3c6d1d2671,16,8.938547486033519,-10.86,143,3.96,183,147,1.486927374301676
609e1a9a6c2539919b8205cf7c4e6ff0,2,1.5384615384615385,-16.48,87,3.6,122,87,1.4769230769230768
c33847515fa6305ce6feb1e818569f13,5,3.90625,-14.73,114,3.72,128,114,1.4753124999999998
dd2bdf855a9172734fbc3744021ae9b9,6,5.454545454545454,-22.09,105,3.8,107,108,1.4727272727272729
44073f8b7e41514de3b7815dd0237f4f,7,4.635761589403973,-15.13,142,3.76,152,144,1.471788079470199
1336efc61c316ddf92c899eb817f7cae,7,8.235294117647058,-10.51,74,3.94,85,74,1.4717647058823529
ea8482cd71df3c1969d7b9473ff13abc,100,8.417508417508419,-9.39,1132,3.95,1196,1146,1.4708754208754207
1900267e848ceeba8fa32d80c1a5f5a8,34,6.5009560229445515,-9.4,406,3.86,521,411,1.4650478011472277
1025f0e2d44d7041d6cf58b6550e0bfa,95,6.690140845070422,-10.39,910,3.87,1416,915,1.464507042253521
229c3efbfb0ea2058de4ccdfbc3d784a,3,2.0689655172413794,-11.67,118,3.64,146,121,1.4634482758620688
4c18691b6037662be2df78a765d98ab5,4,5.970149253731343,-10.75,63,3.84,67,63,1.4585074626865673
f7ba60f8c3f99e7ee4042fdef03b70c4,30,13.100436681222707,-8.45,218,4.2,230,219,1.4550218340611352
751bdc4d83a466c7206cd42e8f426b03,1,1.4705882352941175,-11.09,51,3.62,69,54,1.4535294117647057
3b15288545f8928d3e65a8f949a28291,8,6.779661016949152,-11.12,101,3.89,120,104,1.4489830508474575
e8b3a3a38279a82f0e5d006d5e5b7d2c,3,3.5294117647058822,-18.05,80,3.73,92,87,1.4464705882352942
b33e7c55446eabf8fe1a42d037ac7d6d,18,11.842105263157894,-10.6,149,4.15,155,152,1.4421052631578943
4992e76a42cb3aad7a7047e0d3d7e729,4,5.47945205479452,-9.83,56,3.84,74,57,1.4339726027397262
8b321bb669392f5163d04c59e235e066,87,8.656716417910449,-9.3,930,4.0,1014,943,1.4328358208955225
a420f60ff1aa9acc80d0e42959f2b313,5,7.246376811594203,-12.12,67,3.93,67,67,1.43231884057971
391fc6631aebcf3004804e51b40bcf1e,48,7.933884297520661,-11.03,521,3.97,608,526,1.4266942148760329
0be8ff43f22e456b4e0371b2245e4d01,11,6.2857142857142865,-11.11,156,3.89,180,161,1.4242857142857142
e5a38146df062edaf55c38afa99e42dc,9,7.258064516129033,-9.93,120,3.94,124,121,1.4229032258064516
688756f717c462a206ad854c5027a64a,4,4.040404040404041,-6.98,81,3.78,98,83,1.4220202020202022
048c2757535328e0d7dac690ad3c0aae,6,12.0,-9.29,50,4.18,50,51,1.4200000000000004
f45122a9ab94eb4f3f8953578bc0c560,13,6.598984771573605,-9.67,184,3.91,200,187,1.41994923857868
056b4ada5bbc2c50cc7842547dda6b51,7,10.76923076923077,-11.72,64,4.12,65,65,1.4184615384615384
a888faf2d1baececa6baf9c3d603ee1f,5,9.25925925925926,-10.07,53,4.05,55,54,1.4129629629629632
701938c450705b8ae65fc923b70f35c7,4,3.6036036036036037,-11.05,74,3.77,111,75,1.41018018018018
8648b1e89e9b349e32d3741b30ec737e,9,9.0,-11.24,93,4.04,103,95,1.41
4869f7a5dfa277a7dca6462dcf3b52b2,121,10.54006968641115,-10.45,1124,4.12,1148,1132,1.4070034843205574
6d66611d7c44cc30ce351abc49a68421,11,6.321839080459771,-10.06,164,3.91,174,166,1.4060919540229884
f4aba7c0bca51484c30ab7bdc34bcdd1,7,6.086956521739131,-15.0,108,3.9,115,110,1.4043478260869566
b499c00f28f4b7069ff6550af8c1348a,20,10.989010989010989,-11.46,147,4.15,187,152,1.3994505494505491
1f50f920176fa81dab994f9023523100,150,7.78816199376947,-10.13,1399,3.99,1923,1404,1.3994080996884732
d673a59aac7a70d8b01e6902bf090a11,6,7.142857142857142,-11.41,79,3.96,84,79,1.3971428571428572
b561927807645834b59ef0d16ba55a24,14,14.736842105263156,-8.06,85,4.34,95,85,1.3968421052631579
77530e9772f57a62c906e1c21538ab82,34,8.923884514435695,-10.2,312,4.05,387,320,1.396194225721785
4e17c65a516f69d023a2ae78b84f28d6,7,9.45945945945946,-20.09,61,4.08,74,61,1.392972972972973
a3e9a2c700480d9bb01fba070ba80a0e,12,8.391608391608392,-9.48,129,4.03,142,130,1.3895804195804193
09f952a5f58d2285b0372551ae8f9b01,3,5.357142857142857,-11.41,50,3.88,56,50,1.387857142857143
a416b6a846a11724393025641d4edd5e,19,10.795454545454545,-9.91,157,4.16,181,162,1.3797727272727272
8e6cc767478edae941d9bd9eb778d77a,6,5.555555555555555,-12.8,100,3.9,112,106,1.3777777777777778
5d0363b33554b373851fc1622e4d5f3c,8,8.51063829787234,-8.23,93,4.05,95,94,1.3755319148936171
cca3071e3e9bb7d12640c9fbe2301306,37,4.528763769889841,-14.62,699,3.86,812,712,1.3664381884944923
3be634553519fb6536a03e1358e9fdc7,6,6.315789473684211,-10.13,80,3.95,99,83,1.3657894736842104
00fc707aaaad2d31347cf883cd2dfe10,5,3.7037037037037033,-14.83,103,3.82,134,103,1.3651851851851853
9c0e69c7bf2619675bbadf47b43f655a,16,8.0,-7.45,151,4.04,204,157,1.3599999999999999
7202e2ba20579a9bd1acb29e61fe71f6,2,3.7735849056603774,-11.44,51,3.83,54,53,1.3586792452830188
001cca7ae9ae17fb1caed9dfb1094831,12,5.128205128205128,-12.57,195,3.9,236,200,1.3564102564102565
16090f2ca825584b5a147ab24aa30c86,32,7.8817733990147785,-8.94,398,4.04,407,402,1.3540886699507388
fcb5ace8bcc92f75707dc0f01a27d269,2,2.857142857142857,-8.51,59,3.79,72,62,1.3528571428571428
6560211a19b47992c3666cc44a7e94c0,102,5.110220440881764,-11.01,1819,3.91,2014,1854,1.345511022044088
76d5af76d0271110f9af36c92573f765,13,8.38709677419355,-11.8,128,4.08,158,131,1.3393548387096774
0adac9fbd9a2b63cccaac4f8756c1ca8,6,4.477611940298507,-10.6,106,3.89,141,110,1.3338805970149252
f214d28e8d8e3ef068748498ccc2f813,4,7.017543859649122,-12.38,52,4.02,58,54,1.3308771929824565
2138ccb85b11a4ec1e37afbd1c8eda1f,19,4.534606205250596,-12.04,388,3.9,428,396,1.3267303102625299
f27e33c6d29b5138fa9967bcd445b6d5,8,8.16326530612245,-9.98,93,4.09,98,93,1.3181632653061226
37515688008a7a40ac93e3b2e4ab203f,19,7.949790794979079,-7.35,227,4.08,238,228,1.3174895397489539
ca3bd7cd9f149df75950150d010fe4a2,1,0.7407407407407408,-16.2,68,3.72,138,71,1.3170370370370368
ececbfcff9804a2d6b40f589df8eef2b,9,8.737864077669903,-11.12,97,4.12,104,98,1.316893203883495
cbd996ad3c1b7dc71fd0e5f5df9087e2,15,7.936507936507936,-10.59,160,4.08,185,165,1.3168253968253967
c826c40d7b19f62a09e2d7c5e7295ee2,26,7.123287671232877,-9.17,346,4.04,371,354,1.316164383561644
3db66a856d18a9cba7c9241fc5221c50,10,10.309278350515463,-11.2,94,4.2,97,94,1.315463917525773
ce7d1888639e6fb06b2749cbfdac1ff7,7,8.333333333333332,-12.11,78,4.11,84,78,1.3066666666666662
c8b0e2b0a7095e5d8219575d5e7e1181,6,7.0588235294117645,-10.11,84,4.05,84,84,1.3029411764705885
48162d548f5b1b11b9d29d1e01f75a61,1,1.1235955056179776,-12.19,66,3.76,91,68,1.296179775280899
92eb0f42c21942b6552362b9b114707d,16,4.4692737430167595,-9.73,334,3.93,362,341,1.2934636871508378
7142540dd4c91e2237acb7e911c4eba2,23,7.01219512195122,-13.15,316,4.06,329,319,1.2906097560975613
48436dade18ac8b2bce089ec2a041202,10,6.802721088435375,-9.39,134,4.05,151,138,1.2901360544217688
1eade46fba20122dc4aefb379f8c636b,9,12.0,-6.89,58,4.31,75,58,1.2900000000000005
966cb4760537b1404caedd472cc610a5,2,2.9850746268656714,-14.8,67,3.86,74,75,1.2892537313432837
96493fab2fbb13a14d0c0e8772eef5c3,4,6.25,-9.53,63,4.03,63,63,1.2824999999999998
7681ef142fd2c19048da7430856b5588,6,7.894736842105263,-8.78,58,4.12,75,59,1.2747368421052632
955fee9216a65b617aa5c0531780ce60,95,6.453804347826086,-9.63,1261,4.05,1487,1287,1.2726902173913044
5dceca129747e92ff8ef7a997dc4f8ca,18,5.247813411078718,-10.61,322,3.99,342,325,1.2723906705539356
f262cbc1c910c83959f849465454ddd3,15,7.352941176470589,-9.2,189,4.1,206,192,1.2676470588235298
218d46b86c1881d022bce9c68a7d4b15,35,8.333333333333332,-11.04,382,4.15,425,388,1.2666666666666662
8e8a7ce9f2f970dc00e2acf6f6e199f6,4,6.25,-10.42,63,4.05,65,65,1.2625000000000002
2528513dd95219a6013d4d05176e391a,7,4.216867469879518,-11.59,160,3.95,164,161,1.2608433734939757
98dac6635aee4995d501a3972e047414,5,2.631578947368421,-11.01,89,3.88,193,91,1.2515789473684211
da8622b14eb17ae2831f4ac5b9dab84a,99,6.395348837209303,-10.53,1311,4.07,1545,1314,1.249767441860465
f0b47fbbc6dee9aafe415a6e33051b3f,8,9.411764705882353,-12.01,67,4.23,86,68,1.2405882352941173
f80edd2c5aaa505cc4b0a3b219abf4b8,8,6.4,-11.44,116,4.08,127,119,1.24
066a6914e1ebf3ea95a216c73a986b91,3,4.166666666666666,-16.15,66,3.97,73,68,1.238333333333333
6a8b085f816a1f75f92dbac6eb545f8f,10,7.518796992481203,-9.42,125,4.14,135,127,1.2359398496240606
9e6229250fedbe05838fef417b74e7fb,2,2.5974025974025974,-14.84,73,3.9,78,74,1.22987012987013
05d2173d43ea568aa0540eba70d2ca76,3,4.545454545454546,-10.89,62,4.0,64,62,1.2272727272727273
1c68394e931a64f90ea236c5ea590300,6,3.508771929824561,-14.71,142,3.95,171,142,1.225438596491228
17e34d8224d27a541263c4c64b11a56b,19,7.307692307692308,-10.15,247,4.14,266,255,1.2253846153846157
7ea5bfa6c340f58f8e71fc1f0412b0d6,6,5.88235294117647,-9.5,96,4.08,103,98,1.2141176470588233
45d33f715e24d15a6ccf5c17b3a23e3c,3,5.172413793103448,-11.3,56,4.05,61,59,1.2086206896551726
620c87c171fb2a6dd6e8bb4dec959fc6,65,8.354755784061698,-13.06,722,4.21,784,740,1.207737789203085
813348c996469b40f2e028d5429d3495,8,4.102564102564102,-10.21,172,4.0,198,179,1.205128205128205
79ebd9a61bac3eaf882805ed4ecfa12a,6,4.285714285714286,-11.69,133,4.01,143,136,1.2042857142857144
b2ba3715d723d245138f291a6fe42594,22,6.2857142857142865,-9.36,324,4.11,360,337,1.204285714285714
c9c7905cffc4ef9ff9f113554423e671,10,7.194244604316546,-9.37,127,4.16,139,127,1.1997122302158272
062ce95fa2ad4dfaedfc79260130565f,2,3.389830508474576,-12.88,54,3.97,60,55,1.1994915254237286
0c8380b62e38e8a1e6adbeba7eb9688c,10,4.587155963302752,-11.81,180,4.03,218,182,1.1993577981651373
e067ad2c1c0b48758eb1b5228bcf7a68,4,6.557377049180328,-9.88,54,4.13,61,54,1.1978688524590164
6860153b69cc696d5dcfe1cdaaafcf62,6,7.142857142857142,-8.88,74,4.16,83,74,1.197142857142857
53e4c6e0f4312d4d2107a8c9cddf45cd,24,4.6875,-12.72,463,4.04,520,473,1.194375
7e3f87d16fb353f408d467e74fbd8014,6,6.451612903225806,-9.77,91,4.13,94,92,1.1925806451612904
2a7dc43cecabf23403078e2188437d1d,3,5.555555555555555,-9.54,52,4.09,54,52,1.1877777777777778
ce248b21cb2adc36282ede306b7660e5,5,7.6923076923076925,-9.83,64,4.2,66,65,1.1846153846153844
1127b7f2594683f2510f1c2c834a486b,7,5.46875,-9.97,110,4.09,132,114,1.1834375000000001
624f4ece8da4aafb77699233d480f8ef,4,7.4074074074074066,-10.28,52,4.19,54,53,1.1803703703703698
f84fa566034f5e8e880a07ec624c56af,9,9.0,-7.54,89,4.27,101,91,1.1800000000000004
ce27a3cc3c8cc1ea79d11e561e9bebb6,2,1.3245033112582782,-12.75,122,3.89,140,135,1.1762251655629137
643214e62b870443ccbe55ab29a4dccf,8,12.121212121212121,-10.01,65,4.43,68,66,1.1760606060606063
cc419e0650a3c5ba77189a1882b7556a,88,5.119255381035486,-12.35,1651,4.08,1767,1706,1.1759627690517742
ba143b05f0110f0dc71ad71b4466ce92,10,11.904761904761903,-7.77,83,4.42,85,85,1.1752380952380952
951e8cef368f09bb3f3d03c00ca4702c,4,5.797101449275362,-10.12,62,4.12,68,64,1.169855072463768
1f9ab4708f3056ede07124aad39a2554,4,5.194805194805195,-12.82,76,4.09,78,78,1.16974025974026
8581055ce74af1daba164fdbd55a40de,34,7.981220657276995,-8.52,380,4.23,434,387,1.1690610328638493
0b90b6df587eb83608a64ea8b390cf07,7,3.349282296650718,-17.62,163,4.0,209,164,1.167464114832536
a17f621c590ea0fab3d5d883e1630ec6,4,5.128205128205128,-9.84,63,4.09,76,65,1.1664102564102565
fd386aa7bed2af3c7035c65506c9b4a3,8,10.526315789473683,-8.94,69,4.36,76,69,1.1663157894736838
3d871de0142ce09b7081e2b9d1733cb1,62,5.4818744473916885,-12.4,1064,4.11,1135,1080,1.164093722369584
e24fc9fcd865784fb25705606fe3dfe7,4,7.2727272727272725,-12.76,51,4.2,56,52,1.1636363636363636
9b013e03b2ab786505a1d3b5c0756754,7,3.1818181818181817,-9.41,170,4.0,219,174,1.1590909090909092
70c27847eca8195c983ed7e798c56743,7,7.142857142857142,-11.18,77,4.2,98,77,1.157142857142857
d6b1ce66b035a475f00c017792ff9769,7,6.481481481481481,-11.94,92,4.17,103,92,1.154074074074074
3bdff180c7e1f6551a643b99c265a120,2,3.4482758620689653,-11.71,56,4.02,60,59,1.1524137931034486
6b243f80ed07b10f0e8aa0f21a205f3c,3,3.3707865168539324,-13.72,79,4.02,89,79,1.148539325842697
42b729f859728f5079499127a9c2ef37,13,9.923664122137405,-6.55,103,4.35,130,104,1.1461832061068706
e9779976487b77c6d4ac45f75ec7afe9,46,6.233062330623306,-9.11,645,4.17,746,657,1.1416531165311654
2e1c9f22be269ef4643f826c9e650a52,10,5.9880239520958085,-9.76,161,4.16,170,167,1.1394011976047902
dc317f341ab0e22f39acbd9dbf9b4a1f,3,5.172413793103448,-14.45,55,4.12,58,55,1.1386206896551723
95e03ca3d4146e4011985981aeb959b9,6,3.1578947368421053,-14.49,172,4.02,191,175,1.1378947368421057
4830e40640734fc1c52cd21127c341d4,10,4.716981132075472,-10.46,204,4.1,218,210,1.135849056603774
9646c3513289980f17226a2fc4720dbd,6,7.894736842105263,-12.23,69,4.26,78,71,1.1347368421052635
bd0389da23d89b726abf911cccc54596,6,6.666666666666667,-11.81,87,4.2,90,87,1.1333333333333333
7178f9f4dd81dcef02f62acdf8151e01,7,3.255813953488372,-17.94,202,4.03,215,203,1.1327906976744184
004c9cd9d87a3c30c522c48c4fc07416,10,5.952380952380952,-11.33,156,4.17,167,158,1.1276190476190475
822166ed1e47908f7cfb49946d03c726,1,0.9259259259259258,-11.99,69,3.92,106,69,1.1262962962962964
0c7533c71df861ec58ad7ff999ed0e8d,3,4.10958904109589,-9.07,61,4.08,73,61,1.1254794520547944
1da3aeb70d7989d1e6d9b0e887f97c23,13,4.012345679012346,-10.98,261,4.08,326,265,1.1206172839506172
fa1c13f2614d7b5c4749cbc52fecda94,53,9.153713298791018,-9.61,578,4.34,582,585,1.117685664939551
1b4c3a6f53068f0b6944d2d005c9fc89,5,4.3478260869565215,-12.15,111,4.1,116,113,1.1173913043478265
e59aa562b9f8076dd550fcddf0e73491,6,7.317073170731707,-11.65,69,4.25,84,70,1.1158536585365852
729f06993dac8e860d4f02d7088ca48a,9,7.964601769911504,-10.47,94,4.29,114,96,1.1082300884955751
9674754b5a0cb32b638cec001178f799,2,2.1052631578947367,-10.4,84,4.0,97,86,1.1052631578947367
06e5eefc71ec47ae763c5c6f8db7064f,0,0.0,-16.16,90,3.9,93,92,1.1
f5a590cf36251cf1162ea35bef76fe84,8,6.779661016949152,-10.35,113,4.24,122,117,1.0989830508474574
46dc3b2cc0980fb8ec44634e21d2718e,29,5.544933078393881,-11.48,503,4.18,535,521,1.0972466539196943
8cbac7e12637ed9cffa18c7875207478,4,4.938271604938271,-13.37,66,4.15,82,67,1.0969135802469132
8d956fec2e4337affcb520f56fd8cbfd,13,5.726872246696035,-10.01,210,4.19,228,211,1.0963436123348014
bd23da7354813347129d751591d1a6e2,2,2.2988505747126435,-9.5,86,4.02,89,89,1.0949425287356327
ceaec5548eefc6e23e6607c5435102e7,10,4.854368932038835,-14.53,198,4.15,207,203,1.0927184466019413
db4350fd57ae30082dec7acbaacc17f9,6,4.137931034482759,-14.87,136,4.12,145,137,1.0868965517241378
86ccac0b835037332a596a33b6949ee1,4,1.9230769230769231,-14.19,178,4.01,209,180,1.0861538461538465
aaed1309374718fdd995ee4c58c9dfcd,3,2.7027027027027026,-16.62,104,4.05,112,105,1.0851351351351353
b92e3c8f9738272ff7c59e111e108d7c,2,2.857142857142857,-42.21,62,4.06,70,62,1.0828571428571432
d91fb3b7d041e83b64a00a3edfb37e4f,20,3.8095238095238098,-12.0,524,4.11,532,535,1.0804761904761901
b4ffb71f0cb1b1c3d63fad021ecf93e1,4,2.4390243902439024,-14.3,143,4.05,165,144,1.0719512195121954
17a053fcb14bd219540cbde0df490be0,8,5.405405405405405,-9.42,124,4.2,147,125,1.07027027027027
59fb871bf6f4522a87ba567b42dafecf,7,5.6000000000000005,-14.03,123,4.21,127,126,1.07
53243585a1d6dc2643021fd1853d8905,12,3.0,-10.88,348,4.08,408,358,1.0699999999999998
17f51e7198701186712e53a39c564617,5,8.19672131147541,-11.59,56,4.34,61,56,1.0698360655737706
d650b663c3b5f6fb392b6326366efa9a,3,5.263157894736842,-10.89,57,4.2,60,60,1.0631578947368419
de23c3b98a88888289c6f5cc1209054a,12,6.741573033707865,-9.89,161,4.28,181,164,1.057078651685393
ebd2d60905fb58271facef5596b620d3,3,3.5294117647058822,-10.58,82,4.12,88,84,1.056470588235294
a1043bafd471dff536d0c462352beb48,37,4.920212765957447,-11.8,702,4.19,767,718,1.056010638297872
5a8e7d5003a1f221f9e1d6e411de7c23,8,4.4692737430167595,-11.78,137,4.17,180,139,1.053463687150838
6c177e38df6d3f34182b1f1d427231bf,1,1.8518518518518516,-14.07,53,4.04,56,55,1.0525925925925925
1554a68530182680ad5c8b042c3ab563,16,5.992509363295881,-13.09,246,4.25,267,247,1.049625468164794
669ae81880e08f269a64487cfb287169,7,3.783783783783784,-13.64,161,4.14,185,162,1.0491891891891896
dfa0c4c6229ab200a4a1336b4d7128ff,1,1.1627906976744187,-14.76,77,4.01,86,77,1.0481395348837212
fe2032dab1a61af8794248c8196565c9,26,8.524590163934425,-10.39,293,4.38,302,294,1.0462295081967214
41b39e28db005d9731d9d485a83b4c38,10,4.484304932735426,-17.75,187,4.18,231,195,1.0442152466367716
d94a40fd42351c259927028d163af842,3,2.7522935779816518,-13.48,100,4.1,107,101,1.037614678899083
ccc4bbb5f32a6ab2b7066a4130f114e3,12,6.349206349206349,-16.18,184,4.28,191,187,1.0374603174603172
128639473a139ac0f3e5f5ade55873a5,24,4.332129963898916,-11.55,527,4.18,554,533,1.036606498194946
1c129092bf23f28a5930387c980c0dfc,9,4.10958904109589,-9.56,200,4.17,219,201,1.0354794520547945
f8db351d8c4c4c22c6835c19a46f01b0,36,5.042016806722689,-11.03,659,4.22,720,667,1.0321008403361347
54a1852d1b8f10312c55e906355666ee,15,7.425742574257425,-10.19,198,4.34,203,200,1.0312871287128713
17ca9b9e9b9ef8fdb529001b49ebb50f,1,0.78125,-13.36,115,4.01,129,116,1.0290625000000002
827f8f69dfa529c561901c4f2e0f332f,6,5.769230769230769,-10.35,91,4.26,102,91,1.0284615384615385
8f119a0aee85c0c8fc534629734e94fd,4,4.938271604938271,-10.1,75,4.22,83,77,1.0269135802469138
7e93a43ef30c4f03f38b393420bc753a,15,4.658385093167702,-11.49,319,4.21,339,336,1.0229192546583852
4d6d651bd7684af3fffabd5f08d12e5a,15,3.8560411311053984,-12.32,363,4.17,394,369,1.02280205655527
01cf7e3d21494c41fb86034f2e714fa1,3,4.615384615384616,-14.51,59,4.21,66,61,1.0207692307692309
4e7c18b98d84e05cbae3ff0ff03846c2,3,3.4090909090909087,-12.49,81,4.15,88,82,1.020454545454545
fa1a9dec3a9940c072684a46728bf1fc,0,0.0,-14.33,55,3.98,59,55,1.02
7a67c85e85bb2ce8582c35f2203ad736,60,5.194805194805195,-11.16,1145,4.24,1162,1160,1.0197402597402596
ef0ace09169ac090589d85746e3e036f,10,7.194244604316546,-10.98,128,4.34,140,129,1.0197122302158275
08633c14ef2db992c11f840f04fad4cd,5,5.154639175257731,-11.13,74,4.24,97,74,1.0177319587628864
76d64c4aca3a7baf218bf93ef7fa768d,2,2.898550724637681,-14.78,64,4.13,69,64,1.0149275362318841
6d803cb79cc31c41c4c789a75933b3c7,4,6.0606060606060606,-13.4,58,4.29,66,58,1.013030303030303
dbb9b48c841a0e39e21f98e1a6b2ec3e,5,4.23728813559322,-11.16,108,4.2,118,108,1.0118644067796607
e26901d5ab434ce92fd9b5c256820a4e,3,1.3953488372093024,-12.94,197,4.06,221,202,1.0097674418604654
527801b552d0077ffd170872eb49683b,9,9.782608695652174,-10.68,90,4.48,91,90,1.0091304347826082
1a3df491d1c4f1589fc2b934ada68bf2,6,3.508771929824561,-12.31,160,4.17,178,167,1.0054385964912282
537eb890efff034a88679788b647c564,6,3.508771929824561,-11.74,158,4.17,173,160,1.0054385964912282
1b8356dabde1d35e17cef975c3f82730,1,1.6666666666666667,-13.62,55,4.08,61,56,1.0033333333333332
b76dba6c951ab00dc4edf0a1aa88037e,5,2.9940119760479043,-16.15,157,4.15,167,159,0.9997005988023948
de722cd6dad950a92b7d4f82673f8833,12,3.183023872679045,-15.42,337,4.16,377,339,0.9991511936339521
00ee68308b45bc5e2660cd833c3f81cc,11,6.395348837209303,-10.15,135,4.33,171,135,0.9897674418604651
058fd0aa2bfdb2274e05e1ae971dabb6,5,7.936507936507936,-11.12,60,4.41,64,61,0.9868253968253966
f7720c4fa8e3aba4546301ab80ea1f1b,3,3.896103896103896,-14.02,59,4.21,78,60,0.9848051948051948
bfd27a966d91cfaafdb25d076585f0da,6,5.217391304347826,-14.83,114,4.28,116,117,0.9808695652173911
8a130737016f838139d31878787a39c9,4,6.451612903225806,-10.0,56,4.35,62,56,0.9725806451612906
0db783cfcd3b73998abc6e10e59a102f,5,3.64963503649635,-12.42,132,4.21,136,132,0.9724817518248176
d50d79cb34e38265a8649c383dcffd48,3,4.285714285714286,-12.65,70,4.25,69,70,0.9642857142857143
3078096983cf766a32a06257648502d1,2,3.278688524590164,-11.65,56,4.2,64,59,0.963934426229508
70eea00b476a314817cefde4aad4f89a,7,6.25,-11.54,106,4.35,112,108,0.9625000000000004
582d4f8675b945722eda7c0cb61ba4c7,1,1.4084507042253522,-13.34,59,4.11,71,59,0.9604225352112673
05ff92fedb5be47920fea08e501238b9,2,3.3333333333333335,-17.19,57,4.21,62,59,0.9566666666666668
7d456afc660226829370f3173d14520c,4,4.49438202247191,-11.93,55,4.27,91,56,0.9547191011235959
c70c1b0d8ca86052f45a432a38b73958,17,5.059523809523809,-8.4,260,4.3,335,261,0.9529761904761906
cc63f0dd2acba93ffed4fe9f8e0321fa,0,0.0,-11.6,55,4.05,63,55,0.9500000000000002
850f4f8af5ea87287ac68de36e29107f,9,4.712041884816754,-14.09,186,4.29,188,187,0.9456020942408376
4b9750c8ad28220fe6702d4ecb7c898f,13,5.88235294117647,-8.68,217,4.35,222,218,0.9441176470588238
d12c926d74ceff0a90a21184466ce161,1,1.0309278350515463,-13.64,76,4.11,99,78,0.941546391752577
81a1104df0f08b59c68aa5b03cfe398e,3,4.166666666666666,-13.04,72,4.27,71,73,0.9383333333333337
85d9eb9ddc5d00ca9336a2219c97bb13,11,2.1484375,-15.03,499,4.17,519,509,0.9374218750000001
640e21a7d01df7614a3b4923e990d40c,5,3.6764705882352944,-9.58,115,4.26,137,116,0.9238235294117649
670c26e0f1bf8d0576271d5cfaec6d2b,4,4.651162790697675,-13.01,77,4.31,87,78,0.9225581395348841
30a2f535bb48308f991d0b9ad4a8c4bb,3,3.4482758620689653,-12.2,71,4.25,87,71,0.9224137931034483
715bbd5ba4e6b74cb0d2f29eb45058b0,5,7.8125,-12.85,62,4.47,64,62,0.9206250000000002
5c243662ce92d84573bfaff24c3e3700,1,1.0,-13.1,98,4.13,99,98,0.9200000000000002
01fdefa7697d26ad920e9e0346d4bd1b,7,5.384615384615385,-12.99,128,4.35,130,129,0.9192307692307696
7722b1df1b0e383e000397b2c11e3e19,4,2.7777777777777777,-11.54,133,4.22,144,134,0.9188888888888891
7008613ea464bad5cb9b83456e1e6a8f,6,3.9473684210526314,-13.49,123,4.28,155,127,0.9173684210526314
edb1ef5e36e0c8cd84eb3c9b003e486d,12,6.896551724137931,-12.84,165,4.43,175,166,0.9148275862068969
1838dd9b8977065acf51d95e0053ea7a,2,3.076923076923077,-10.37,62,4.24,67,64,0.9138461538461536
0241d4d5d36f10f80c644447315af0bd,11,4.471544715447155,-12.31,238,4.31,245,238,0.9135772357723582
562fc2f2c2863ab7e79a9e4388a58a14,8,3.018867924528302,-12.5,255,4.24,268,260,0.9109433962264148
9f505651f4a6abe901a56cdc21508025,16,3.755868544600939,-10.33,393,4.28,426,397,0.9077934272300467
4371b634e0efc0e22b09b52907d9d469,7,6.306306306306306,-10.08,101,4.41,111,102,0.9053153153153152
66922902710d126a0e7d26b0e3805106,11,7.096774193548387,-9.55,150,4.45,155,151,0.9048387096774192
febab0275244b9a49a623f0bd613ca2f,4,3.1746031746031744,-11.07,106,4.26,129,109,0.8987301587301589
750303a20e9c56b2a6bc45cdce0b897d,2,3.571428571428571,-11.76,53,4.28,57,54,0.8985714285714284
8a432f4e5b471f8da497d7dc517666e2,2,1.8867924528301887,-11.73,95,4.2,104,95,0.8943396226415092
dbc22125167c298ef99da25668e1011f,10,2.3980815347721824,-13.17,394,4.23,428,406,0.8899040767386087
2a84855fd20af891be03bc5924d2b453,4,2.515723270440252,-11.8,155,4.24,166,164,0.8857861635220123
282f23a9769b2690c5dda22e316f9941,4,3.669724770642202,-11.39,98,4.3,110,99,0.8834862385321103
ff063b022a9a0aab91bad2c9088760b7,3,3.125,-11.32,94,4.28,95,94,0.8762499999999998
f3b80352b986ab4d1057a4b724be19d0,0,0.0,-12.26,86,4.13,92,87,0.8700000000000001
7b07b3c7487f0ea825fc6df75abd658b,4,4.166666666666666,-10.35,91,4.34,98,93,0.8683333333333334
94144541854e298c2d976cb893b81343,3,3.9473684210526314,-14.39,68,4.33,75,68,0.8673684210526316
aba1721a889e04decc910aa13b768ef4,6,6.521739130434782,-10.94,83,4.46,92,83,0.8660869565217392
1e8b33f18b4f7598d87f5cbee2282cc2,4,2.877697841726619,-10.26,122,4.28,138,123,0.8638848920863307
80e6699fe29150b372a0c8a1ebf7dcc8,3,3.061224489795918,-15.55,96,4.29,99,98,0.8630612244897959
87142160b41353c4e5fca2360caf6f92,14,4.129793510324483,-14.29,305,4.36,338,305,0.8464896755162239
259f7b5e6e482c230e5bfaa670b6bb8f,2,1.2345679012345678,-13.05,136,4.22,164,138,0.8417283950617287
dee656f0f566ed1aa85bd137c943f08f,4,4.25531914893617,-13.46,92,4.38,94,93,0.8327659574468086
c003204e1ab016dfa150abc119207b24,10,5.0,-10.89,195,4.42,201,197,0.8300000000000001
530ec6109d11eaaf87999465c6afee01,1,0.9900990099009901,-16.49,94,4.22,104,97,0.8295049504950498
6edacfd9f9074789dad6d62ba7950b9c,9,4.166666666666666,-10.98,205,4.38,218,208,0.8283333333333334
0bae85eb84b9fb3bd773911e89288d54,1,0.6896551724137931,-14.55,136,4.21,146,137,0.8244827586206896
2dee2ce60de9709b1a24083217181a1f,2,3.6363636363636362,-16.38,54,4.36,55,54,0.8218181818181816
a3a38f4affed601eb87a97788c949667,11,4.230769230769231,-14.01,251,4.39,260,254,0.8215384615384619
cb8bcce248bb1fb274ba762d8b971456,1,1.4925373134328357,-11.31,66,4.26,69,68,0.814626865671642
e333046ce6517bd8bb510291d44f0130,3,4.054054054054054,-12.87,68,4.39,74,68,0.8127027027027031
fa40cc5b934574b62717c68f3d678b6d,17,5.044510385756676,-10.69,304,4.44,338,307,0.8122255192878334
aafe36600ce604f205b86b5084d3d767,5,3.816793893129771,-12.46,129,4.38,131,129,0.8108396946564886
d98eec89afa3380e14463da2aabaea72,4,2.185792349726776,-17.99,168,4.3,182,168,0.809289617486339
cab85505710c7cb9b720bceb52b01cee,4,1.9607843137254901,-15.07,201,4.29,208,206,0.8080392156862745
91f848e9f4be368f4318775aac733370,1,1.4285714285714286,-10.85,60,4.27,71,63,0.8014285714285718
37be5a7c751166fbc5f8ccba4119e043,7,2.5179856115107913,-12.85,269,4.33,277,272,0.7958992805755395
7299e27ed73d2ad986de7f7c77d919fa,15,4.189944134078212,-11.95,335,4.42,361,338,0.7894972067039107
b1a81260566c1bac3114a6d124413f27,0,0.0,-16.08,51,4.22,54,51,0.7800000000000002
8bb48dc19fccaa8613b6229bf7f452a2,2,2.1052631578947367,-12.79,82,4.34,95,82,0.765263157894737
c6bda72e4dbf5c5866b13cb1810c6d03,2,3.389830508474576,-11.56,59,4.41,59,59,0.7594915254237287
0df3984f9dfb3d49ac6366acbd3bbb85,1,1.1363636363636365,-14.13,86,4.3,89,87,0.7568181818181821
8c16d1f32a54d92897cc437244442e1b,2,1.694915254237288,-14.2,108,4.33,116,108,0.7547457627118643
834f3294fba9f932f56edc879193f925,4,6.0606060606060606,-8.8,66,4.55,66,66,0.7530303030303032
dbd66278cbfe1aa1000f90a217ca4695,4,4.040404040404041,-11.85,85,4.45,99,85,0.7520202020202018
eeb6de78f79159600292e314a77cbd18,3,3.614457831325301,-16.23,82,4.43,84,83,0.7507228915662654
25e6ffe976bd75618accfe16cefcbd0d,3,2.608695652173913,-13.86,106,4.38,117,108,0.7504347826086958
9616352088dcf83a7c06637f4ebf1c80,0,0.0,-14.65,91,4.26,98,92,0.7400000000000002
b6d44737c043328708f6749c2dbe50bd,4,5.063291139240507,-13.66,61,4.53,80,62,0.7231645569620251
1bb2bdb95f4841f1bba2c0d2cd83d3c9,5,6.024096385542169,-12.56,79,4.58,84,81,0.7212048192771083
33a6f4b1e7cdc205511e76ba1b6e0186,2,1.5873015873015872,-12.98,105,4.36,126,105,0.719365079365079
5b925e1d006e9476d738aa200751b73b,4,6.349206349206349,-10.51,63,4.6,63,63,0.7174603174603178
cce6ab8d1682639fe45ab70234f1665f,2,3.125,-13.11,61,4.44,66,63,0.7162499999999996
0509040ea3fe50071181bbc359eb7738,4,4.166666666666666,-10.06,87,4.5,96,89,0.7083333333333333
0ea22c1cfbdc755f86b9b54b39c16043,2,0.7547169811320755,-16.1,234,4.33,265,237,0.7077358490566037
080102cd0a76b09e0dcf55fcacc60e05,5,3.90625,-11.13,122,4.49,130,124,0.7053124999999998
aced59e9b31ef866a94f9e7f29d8d418,2,2.9850746268656714,-10.63,61,4.45,67,61,0.6992537313432834
d9a84e1403de8da0c3aa531d6d108ba6,3,5.172413793103448,-9.24,53,4.56,59,54,0.6986206896551728
5f1dc28029d2c244352a68107ec2b542,2,2.564102564102564,-15.26,62,4.43,77,62,0.6982051282051285
6c7d50c24b3ccd2fd83b44d8bb34e073,2,1.5873015873015872,-11.19,112,4.39,127,114,0.6893650793650796
520b493b57809f446cb0a233bb3e25c7,1,1.36986301369863,-11.37,63,4.38,73,63,0.6884931506849317
9d4db00d65d7760644ac0c14edb5fd86,4,4.040404040404041,-11.0,97,4.52,99,98,0.6820202020202024
5cf13accae3222c70a9cac40818ae839,3,1.935483870967742,-13.77,148,4.44,155,149,0.6567741935483867
9de4643a8dbde634fe55621059d92273,3,3.7037037037037033,-10.92,72,4.53,81,72,0.6551851851851849
9d5a9018aee56acb367ba9c3f05d1d6a,1,1.282051282051282,-13.5,66,4.41,79,67,0.654102564102564
0432ead42b6c8a0bdf68154add917fdf,2,2.2988505747126435,-12.77,82,4.48,90,85,0.6349425287356317
d13e50eaa47b4cbe9eb81465865d8cfc,6,8.823529411764707,-4.16,66,4.81,69,67,0.6311764705882357
2ff97219cb8622eaf3cd89b7d9c09824,3,3.1914893617021276,-8.65,87,4.54,96,89,0.6195744680851063
612170e34b97004b3ba37eae81836b4c,1,0.9090909090909091,-17.68,107,4.43,110,107,0.6154545454545457
c3cfdc648177fdbbbb35635a37472c53,4,1.3029315960912053,-15.63,278,4.45,306,278,0.6151465798045601
6cd68b3ed6d59aaa9fece558ad360c0a,2,1.2738853503184715,-13.64,149,4.45,157,149,0.6136942675159234
2b3e4a2a3ea8e01938cabda2a3e5cc79,0,0.0,-11.26,52,4.39,54,52,0.6100000000000003
fc906263ca5083d09dce42fe02247800,0,0.0,-14.13,112,4.39,119,114,0.6100000000000003
c864036feaab8c1659f65ea4faebe1da,2,3.4482758620689653,-12.65,58,4.57,58,58,0.602413793103448
709e16e2b25c7474d980076c6bfc4806,2,2.5,-12.56,60,4.53,80,60,0.5949999999999998
b372ee768ed69e46ca8cdbd267aa7a38,0,0.0,-18.64,63,4.41,69,63,0.5899999999999999
3504c0cb71d7fa48d967e0e4c94d59d9,0,0.0,-10.04,53,4.42,53,53,0.5800000000000001
516e7738bd8f735ac19a010ee5450d8d,2,2.4390243902439024,-17.87,74,4.55,84,76,0.5719512195121953
a5cba26a62b8b4d0145b68b841e62e7f,1,1.8518518518518516,-14.08,53,4.53,55,54,0.5625925925925923
d57e18d5f73c7ccb7f7339b61166898d,0,0.0,-10.78,61,4.44,63,61,0.5599999999999996
57e632711dec9ec14ca7546769483e7e,0,0.0,-16.17,62,4.45,65,62,0.5499999999999998
8ae520247981aa06bc94abddf5f46d34,0,0.0,-15.71,65,4.45,65,65,0.5499999999999998
116ccb1a1604bc88e4d234a8c23f33de,2,2.73972602739726,-10.07,61,4.6,73,61,0.5369863013698634
ac3508719a1d8f5b7614b798f70af136,2,1.9801980198019802,-17.37,101,4.57,102,103,0.5290099009900987
725c32fa80c2faacc4fc88450d27314e,1,1.0752688172043012,-11.54,89,4.54,91,89,0.513763440860215
744dac408745240a2c2528fb1b6028f3,1,1.2048192771084338,-16.14,78,4.55,84,79,0.5102409638554218
d921b68bf747894be13a97ae52b0f386,1,1.2987012987012987,-15.35,77,4.56,77,77,0.5049350649350653
376a891762bbdecbc02b4b6adec3fdda,2,3.4482758620689653,-14.56,57,4.67,58,57,0.5024137931034484
289cdb325fb7e7f891c38608bf9e0962,2,1.6,-9.87,109,4.58,126,110,0.49999999999999994
12b9676b00f60f3b700e83af21824c0e,1,0.7518796992481203,-20.57,133,4.54,134,135,0.497593984962406
080199a181c46c657dc5aa235411be3b,1,1.2048192771084338,-8.93,79,4.61,82,79,0.4502409638554214
d9bd94811c3338dceb4181f3dbc0c73e,3,4.918032786885246,-7.85,54,4.82,61,54,0.425901639344262
e882b2a25a10b9c057cc49695f222c19,0,0.0,-18.3,57,4.59,58,57,0.41000000000000014
d566c37fa119d5e66c4e9052e83ee4ea,0,0.0,-9.76,65,4.72,71,65,0.28000000000000025
